City_ID,City,Lat,Lng,Max Temp,Humidity,Cloudiness,Wind Speed,Country,Date
0,itoman,26.1247,127.6694,301.16,87,75,9.77,JP,1691462575
1,saint joseph,39.7686,-94.8466,294.57,88,0,0.0,US,1691462575
2,coquimbo,-29.9533,-71.3436,287.0,94,100,3.6,CL,1691462317
3,san patricio,28.017,-97.5169,303.25,75,0,6.79,US,1691462575
4,west island,-12.1568,96.8225,300.14,78,40,5.14,CC,1691462576
5,port-aux-francais,-49.35,70.2167,275.9,76,30,16.38,TF,1691462576
6,papatowai,-46.5619,169.4708,279.58,72,82,7.47,NZ,1691462576
7,jamestown,42.097,-79.2353,292.35,96,100,6.17,US,1691462524
8,yellowknife,62.456,-114.3525,290.44,55,75,1.54,CA,1691462576
9,badger,64.8,-147.5333,296.21,60,100,1.54,US,1691462576
10,caucete,-31.6518,-68.2811,285.34,25,18,0.71,AR,1691462353
11,ushuaia,-54.8,-68.3,274.96,80,0,1.54,AR,1691462576
12,port elizabeth,-33.918,25.5701,286.31,94,0,4.63,ZA,1691462577
13,blackmans bay,-43.0167,147.3167,286.89,60,10,1.16,AU,1691462577
14,hamilton,39.1834,-84.5333,294.78,83,100,5.66,US,1691462298
15,iqaluit,63.7506,-68.5145,280.0,87,75,2.57,CA,1691462577
16,waitangi,-43.9535,-176.5597,283.61,79,100,1.34,NZ,1691462577
17,dubbo,-32.25,148.6167,291.22,52,1,5.14,AU,1691462577
18,wailua homesteads,22.0669,-159.378,302.59,79,40,8.75,US,1691462577
19,kodiak,57.79,-152.4072,287.88,88,100,2.57,US,1691462577
20,nevel'sk,46.6733,141.8633,293.38,62,43,6.37,RU,1691462578
21,puerto natales,-51.7236,-72.4875,272.48,88,100,0.86,CL,1691462578
22,avarua,-21.2078,-159.775,297.18,69,75,2.06,CK,1691462578
23,vila franca do campo,37.7167,-25.4333,294.38,85,26,1.82,PT,1691462578
24,la passe,45.5549,-0.8967,287.03,72,42,2.23,FR,1691462578
25,vernon,50.2581,-119.2691,302.89,37,100,0.0,CA,1691462386
26,naze,28.3667,129.4833,298.66,91,90,13.45,JP,1691462578
27,nagqu,31.5,92.0,284.07,71,100,1.92,CN,1691462579
28,grytviken,-54.2811,-36.5092,266.09,82,15,4.46,GS,1691462579
29,okhotsk,59.3833,143.3,289.03,47,88,2.3,RU,1691462579
30,khanna,30.7044,76.2231,305.29,74,91,1.1,IN,1691462579
31,usogorsk,63.4106,48.6872,286.9,78,8,2.73,RU,1691462579
32,albany,42.6001,-73.9662,295.75,92,100,1.34,US,1691462579
33,tamanrasset,22.785,5.5228,301.1,20,33,3.09,DZ,1691462579
34,childress,34.4264,-100.204,304.77,45,0,2.06,US,1691462334
35,taltal,-25.4,-70.4833,289.88,75,97,1.1,CL,1691462580
36,olonkinbyen,70.9221,-8.7187,277.33,79,100,1.84,SJ,1691462580
37,port lincoln,-34.7333,135.8667,288.92,45,0,3.8,AU,1691462482
38,petropavlovsk-kamchatsky,53.0452,158.6483,295.48,40,0,2.0,RU,1691462580
39,invercargill,-46.4,168.35,281.49,75,83,4.02,NZ,1691462580
40,ouani,-12.1322,44.4258,297.54,73,10,5.27,KM,1691462580
41,gonaives,19.45,-72.6833,301.27,80,100,2.75,HT,1691462581
42,adamstown,-25.066,-130.1015,294.24,76,45,5.13,PN,1691462581
43,vilyuchinsk,52.9306,158.4028,296.3,54,4,3.47,RU,1691462581
44,toropets,56.4978,31.6353,287.77,94,90,4.16,RU,1691462581
45,st. john's,47.5649,-52.7093,287.97,91,100,9.26,CA,1691462581
46,bethel,41.3712,-73.414,297.7,87,100,3.09,US,1691462581
47,correntina,-13.3433,-44.6367,294.15,49,5,0.65,BR,1691462581
48,salekhard,66.53,66.6019,291.38,77,27,2.06,RU,1691462582
49,port saint john's,-31.6229,29.5448,289.62,84,0,2.84,ZA,1691462582
50,wagar,16.1525,36.2032,300.43,70,26,6.2,SD,1691462582
51,hawaiian paradise park,19.5933,-154.9731,301.88,69,100,5.14,US,1691462582
52,aldan,58.6031,125.3894,296.73,50,25,1.99,RU,1691462582
53,ulladulla,-35.35,150.4667,288.29,60,5,3.39,AU,1691462583
54,lihue,21.9789,-159.3672,302.92,72,40,8.75,US,1691462390
55,punta arenas,-53.15,-70.9167,275.16,66,100,3.41,CL,1691462529
56,trabzon,40.9167,39.8333,296.2,83,75,2.06,TR,1691462583
57,edinburgh of the seven seas,-37.0676,-12.3116,287.64,78,79,18.67,SH,1691462583
58,san luis de la loma,17.2706,-100.8939,300.72,83,9,2.68,MX,1691462583
59,andovoranto,-18.95,49.1,292.31,89,93,1.22,MG,1691462583
60,kununurra,-15.7667,128.7333,302.14,30,8,7.72,AU,1691462583
61,ilulissat,69.2167,-51.1,280.16,65,20,0.0,GL,1691462584
62,rongelap,11.1635,166.8941,301.87,76,98,7.71,MH,1691462584
63,afif,23.9065,42.9172,298.65,24,0,2.72,SA,1691462584
64,bredasdorp,-34.5322,20.0403,283.7,92,2,2.85,ZA,1691462584
65,whitehorse,60.7161,-135.0538,295.38,45,75,4.63,CA,1691462356
66,talnakh,69.4865,88.3972,292.71,54,100,2.1,RU,1691462584
67,colonia,50.9333,6.95,287.51,80,0,2.57,DE,1691462584
68,soure,-0.7167,-48.5233,299.22,84,33,3.76,BR,1691462584
69,melekeok village,7.4957,134.6367,299.46,83,100,5.14,PW,1691462585
70,diok'nisi,41.6293,42.3917,292.51,65,0,2.11,GE,1691462585
71,margaret river,-33.95,115.0667,288.21,82,94,9.81,AU,1691462585
72,puerto ayora,-0.7393,-90.3518,297.34,88,100,3.58,EC,1691462585
73,tiksi,71.6872,128.8694,283.57,55,39,2.17,RU,1691462585
74,udachny,66.4167,112.4,295.07,37,97,3.97,RU,1691462585
75,arraial do cabo,-22.9661,-42.0278,294.58,77,0,4.79,BR,1691462585
76,alamosa,37.4695,-105.87,298.14,10,0,6.69,US,1691462586
77,tayu,-6.5397,111.0518,301.74,64,34,4.68,ID,1691462586
78,tolanaro,-25.0319,46.9987,291.19,100,75,7.2,MG,1691462586
79,college,64.8569,-147.8028,296.25,59,75,1.54,US,1691462586
80,illizi,26.4833,8.4667,307.04,22,5,5.52,DZ,1691462586
81,callao,-12.0667,-77.15,294.31,73,100,5.14,PE,1691462586
82,katsuura,35.1333,140.3,306.16,75,97,3.75,JP,1691462586
83,qaqortoq,60.7167,-46.0333,278.06,88,4,1.27,GL,1691462586
84,nhamunda,-2.1861,-56.7131,300.22,49,88,1.2,BR,1691462587
85,muscat,23.6139,58.5922,305.16,69,9,3.55,OM,1691462587
86,khorugh,37.4897,71.553,289.5,56,3,0.33,TJ,1691462587
87,afaahiti,-17.75,-149.2833,301.08,79,88,5.28,PF,1691462587
88,constantia,44.1833,28.65,291.53,57,9,6.67,RO,1691462557
89,kodinsk,58.6881,99.1844,294.37,57,0,0.82,RU,1691462587
90,juneau,58.3019,-134.4197,290.15,95,100,1.54,US,1691462387
91,hun,29.1268,15.9477,296.41,59,0,3.15,LY,1691462587
92,kasongo-lunda,-6.4667,16.8167,292.91,54,100,1.16,CD,1691462588
93,natal,-5.795,-35.2094,296.51,100,20,3.09,BR,1691462588
94,kone,-21.0595,164.8658,295.03,63,100,5.44,NC,1691462588
95,thompson,55.7435,-97.8558,288.24,77,75,2.57,CA,1691462499
96,roma,43.2128,-75.4557,296.33,95,100,2.57,US,1691462588
97,acarau,-2.8856,-40.12,298.89,84,38,7.43,BR,1691462588
98,nanning,22.8167,108.3167,300.4,79,80,3.62,CN,1691462588
99,inderbor,48.55,51.7833,299.73,39,0,3.14,KZ,1691462589
100,pemangkat,1.1667,108.9667,302.32,64,91,1.38,ID,1691462589
101,vikulovo,56.8167,70.6107,294.28,64,95,2.49,RU,1691462589
102,sandnessjoen,66.0217,12.6316,288.44,87,96,7.38,NO,1691462589
103,zaragoza,41.6561,-0.8773,293.6,44,0,3.09,ES,1691462589
104,trincomalee,8.5711,81.2335,302.23,68,82,9.24,LK,1691462589
105,howrah,22.5892,88.3103,300.15,94,100,3.09,IN,1691462323
106,fortuna,40.5982,-124.1573,290.74,90,100,4.63,US,1691462589
107,taphan hin,16.2209,100.4198,304.81,100,99,3.03,TH,1691462590
108,shendi,16.6915,33.4341,303.93,51,7,3.1,SD,1691462590
109,sisimiut,66.9395,-53.6735,279.78,74,60,0.31,GL,1691462590
110,batangafo,7.3008,18.2833,293.64,98,100,1.5,CF,1691462590
111,selkirk,50.1436,-96.8845,296.19,40,65,1.66,CA,1691462520
112,nova sintra,14.8667,-24.7167,295.23,78,27,6.34,CV,1691462590
113,derzhavinsk,51.1,66.3167,295.37,37,84,4.44,KZ,1691462590
114,coahuayana de hidalgo,18.7,-103.6583,300.02,85,65,1.12,MX,1691462590
115,mahanoro,-19.9,48.8,291.68,89,99,1.09,MG,1691462591
116,aasiaat,68.7098,-52.8699,273.37,85,15,1.21,GL,1691462591
117,batouri,4.4333,14.3667,293.3,100,100,0.58,CM,1691462591
118,ola,59.5833,151.2833,289.9,50,82,3.89,RU,1691462591
119,antsiranana,-12.2787,49.2917,294.49,76,6,5.44,MG,1691462591
120,hinton,53.4001,-117.5857,287.95,93,94,1.2,CA,1691462564
121,mar del plata,-38.0023,-57.5575,279.79,71,75,0.0,AR,1691462591
122,geraldton,-28.7667,114.6,294.38,78,6,7.2,AU,1691462592
123,pisco,-13.7,-76.2167,292.18,77,100,6.69,PE,1691462592
124,sao geraldo do araguaia,-6.4006,-48.555,298.81,44,42,0.48,BR,1691462592
125,palmerston north,-40.35,175.6167,284.68,79,50,0.45,NZ,1691462592
126,atafu village,-8.5421,-172.5159,301.5,71,13,6.04,TK,1691462592
127,stanley,54.868,-1.6985,283.55,90,0,4.12,GB,1691462592
128,bella union,-30.2752,-57.6007,282.89,75,3,4.73,UY,1691462593
129,severo-yeniseyskiy,60.3725,93.0408,288.49,70,95,2.19,RU,1691462593
130,manismata,-2.4667,111.0333,303.65,53,47,2.54,ID,1691462593
131,sai buri,6.7013,101.6168,306.46,64,5,2.26,TH,1691462593
132,gariadhar,21.5333,71.5833,300.21,76,92,7.78,IN,1691462593
133,keflavik,64.0049,-22.5624,284.1,93,75,1.54,IS,1691462593
134,salym,60.0625,71.4789,293.75,53,2,2.39,RU,1691462593
135,west plains,36.7281,-91.8524,296.61,79,75,1.54,US,1691462417
136,calvi,42.5,8.8333,287.5,59,0,3.6,FR,1691462594
137,anadyr,64.75,177.4833,286.43,76,75,5.0,RU,1691462594
138,gorontalo,0.5412,123.0595,304.42,55,18,4.25,ID,1691462594
139,mili,6.0815,171.735,298.63,86,100,1.53,MH,1691462594
140,horta,38.5333,-28.6333,293.72,82,7,3.58,PT,1691462594
141,mineral wells,32.8085,-98.1128,310.26,30,0,6.17,US,1691462594
142,isafjordur,66.0755,-23.124,283.77,58,77,0.74,IS,1691462594
143,ust-nera,64.5667,143.2,288.28,30,92,1.99,RU,1691462594
144,biryusinsk,55.9634,97.8235,294.39,61,87,2.19,RU,1691462595
145,kapa'a,22.0752,-159.319,303.33,79,40,8.75,US,1691462595
146,weno,7.4515,151.8468,299.12,94,100,2.57,FM,1691462595
147,inhambane,-23.865,35.3833,290.66,83,1,3.7,MZ,1691462595
148,aykhal,66.0,111.5,294.75,36,84,4.84,RU,1691462595
149,labrador city,52.9463,-66.9114,286.1,94,75,0.0,CA,1691462595
150,sandwip,22.4678,91.4561,300.17,91,100,11.26,BD,1691462595
151,marsh harbour,26.5412,-77.0636,302.89,78,16,4.69,BS,1691462596
152,funadhoo,6.15,73.2667,301.04,75,91,6.33,MV,1691462596
153,praia da vitoria,38.7333,-27.0667,295.24,94,40,0.91,PT,1691462596
154,kerikeri,-35.2268,173.9474,287.54,85,100,1.34,NZ,1691462596
155,glushkovo,51.3392,34.6328,287.29,92,0,2.33,RU,1691462596
156,bardai,11.65,7.2333,294.02,93,91,3.59,NG,1691462596
157,tshikapa,-6.4167,20.8,298.67,37,100,0.98,CD,1691462596
158,ancud,-41.8697,-73.8203,281.43,87,83,3.03,CL,1691462596
159,puerto lempira,15.2667,-83.7667,299.94,88,100,2.62,HN,1691462597
160,leninskoye,41.7589,69.3864,301.58,30,56,5.3,KZ,1691462597
161,dunedin,-45.8742,170.5036,281.37,60,99,6.26,NZ,1691462597
162,cadale,2.7603,46.3222,297.38,85,100,8.32,SO,1691462597
163,mariani,26.6667,94.3333,298.34,99,100,1.39,IN,1691462597
164,champerico,14.3,-91.9167,301.99,73,92,0.11,GT,1691462597
165,marsa alam,25.0757,34.8918,305.29,33,0,3.27,EG,1691462598
166,portland,45.5234,-122.6762,300.62,53,20,3.6,US,1691462443
167,wafangdian,39.6183,122.0081,302.46,59,0,0.5,CN,1691462598
168,bikenibeu village,1.3673,173.1241,301.13,89,75,1.54,KI,1691462598
169,beyneu,45.3167,55.2,301.22,37,0,3.44,KZ,1691462598
170,bilibino,68.0546,166.4372,283.27,58,81,0.54,RU,1691462598
171,howard springs,-12.497,131.047,303.05,17,11,4.74,AU,1691462598
172,al bawiti,28.3492,28.8659,298.97,65,0,4.19,EG,1691462598
173,hadibu,12.65,54.0333,298.85,80,49,10.25,YE,1691462599
174,monterey park,34.0625,-118.1228,303.34,44,0,3.09,US,1691462599
175,napili-honokowai,20.9708,-156.6705,303.79,71,5,10.49,US,1691462599
176,kourou,5.1552,-52.6478,298.18,91,100,3.19,GF,1691462599
177,knoxville,35.9606,-83.9207,298.29,83,75,5.14,US,1691462576
178,minot air force base,48.4209,-101.3391,296.25,58,0,3.09,US,1691462599
179,georgetown,5.4112,100.3354,303.12,78,40,2.68,MY,1691462336
180,belyy yar,53.6039,91.3903,292.09,77,0,1.0,RU,1691462599
181,remire-montjoly,4.9167,-52.2667,298.17,94,0,1.03,GF,1691462447
182,al jawf,29.5,38.75,297.02,38,0,2.33,SA,1691462600
183,magalia,39.8121,-121.5783,306.9,28,9,0.45,US,1691462600
184,puerto deseado,-47.7503,-65.8938,278.42,88,100,9.04,AR,1691462600
185,poso,-1.3959,120.7524,303.74,58,10,1.67,ID,1691462600
186,happy valley-goose bay,53.3168,-60.3315,288.32,88,75,1.54,CA,1691462600
187,iskateley,67.6803,53.1512,283.45,73,89,4.2,RU,1691462601
188,soe,-9.8607,124.284,297.8,41,8,4.86,ID,1691462601
189,carnarvon,-24.8667,113.6333,296.52,62,77,2.21,AU,1691462601
190,diamantina,-18.2494,-43.6003,287.51,47,0,1.19,BR,1691462601
191,harper,4.375,-7.7169,297.02,91,44,3.18,LR,1691462601
192,utrik,11.2278,169.8474,301.58,75,53,8.95,MH,1691462601
193,kavaratti,10.5669,72.642,300.97,75,100,8.46,IN,1691462602
194,longyearbyen,78.2186,15.6401,278.47,96,100,1.69,SJ,1691462602
195,klyuchi,52.2667,79.1667,296.21,35,0,2.22,RU,1691462602
196,mejit,10.2753,170.8646,301.48,75,44,8.54,MH,1691462602
197,kavieng,-2.5744,150.7967,301.59,69,81,5.78,PG,1691462602
198,sao joao da barra,-21.6403,-41.0511,294.51,85,0,3.85,BR,1691462602
199,lobujya,27.95,86.8167,279.05,90,100,1.6,NP,1691462602
200,sao felipe,-14.8167,-41.3833,292.4,85,1,0.99,BR,1691462603
201,petrolina,-9.3986,-40.5008,298.18,61,0,3.09,BR,1691462575
202,magadan,59.5667,150.8,289.56,50,56,0.48,RU,1691462603
203,livani,56.3543,26.1758,285.89,97,100,5.66,LV,1691462603
204,estreito,-5.7833,-43.25,296.81,46,71,1.48,BR,1691462603
205,york,40.1254,-77.0,293.63,93,94,4.83,US,1691462456
206,antonio enes,-16.2325,39.9086,294.47,78,3,4.49,MZ,1691462603
207,ribeira grande,38.5167,-28.7,294.14,82,3,3.58,PT,1691462603
208,kristiansund,63.1115,7.732,285.51,94,100,3.09,NO,1691462604
209,nha trang,12.25,109.1833,306.15,51,84,1.37,VN,1691462318
210,xudat,41.631,48.681,300.76,55,0,2.17,AZ,1691462604
211,vikindu,-7.0067,39.2985,293.85,94,5,2.42,TZ,1691462604
212,bereket,39.2446,55.5154,306.25,20,67,1.18,TM,1691462604
213,palmas,-10.2128,-48.3603,297.08,57,0,2.06,BR,1691462604
214,flying fish cove,-10.4217,105.6791,298.97,83,100,6.17,CX,1691462604
215,nalut,30.3333,10.85,298.09,48,0,7.3,LY,1691462605
216,dudinka,69.4058,86.1778,292.94,54,100,3.45,RU,1691462605
217,minas de marcona,-15.2119,-75.1103,285.9,85,24,4.05,PE,1691462605
218,gryazovets,58.88,40.2525,290.88,85,0,3.36,RU,1691462605
219,sinabang,2.4803,96.3801,298.13,88,100,0.71,ID,1691462605
220,chonchi,-42.6128,-73.8092,282.1,85,100,1.84,CL,1691462446
221,ibi,38.6253,-0.5723,294.22,86,25,0.21,ES,1691462605
222,alice springs,-23.7,133.8833,293.9,35,2,5.66,AU,1691462605
223,tanjung pandan,-2.75,107.65,304.05,57,69,4.44,ID,1691462606
224,boa vista,2.8197,-60.6733,301.14,74,0,2.06,BR,1691462412
225,port alfred,-33.5906,26.891,289.01,86,19,2.52,ZA,1691462606
226,paraiso,9.8383,-83.8656,293.68,93,100,1.19,CR,1691462202
227,xique xique,-10.8217,-42.7311,297.31,61,2,5.22,BR,1691462606
228,mount gambier,-37.8333,140.7667,287.15,54,0,2.23,AU,1691462606
229,ketchikan,55.3422,-131.6461,289.41,88,100,9.77,US,1691462435
230,vilyuysk,63.7553,121.6247,299.23,34,0,4.22,RU,1691462607
231,acayucan,17.95,-94.9167,300.56,88,4,1.72,MX,1691462607
232,karasu,41.071,30.7854,295.16,89,1,2.39,TR,1691462607
233,kawm umbu,24.4767,32.9463,305.42,14,0,2.57,EG,1691462607
234,enewetak,11.3474,162.3373,300.43,81,100,3.49,MH,1691462607
235,xucheng,20.35,110.1288,302.96,63,34,3.91,CN,1691462607
236,meybod,32.2501,54.0166,301.16,30,9,4.15,IR,1691462607
237,tosontsengel,48.7567,98.2839,293.41,41,100,1.66,MN,1691462608
238,port mathurin,-19.6833,63.4167,295.49,66,32,10.53,MU,1691462608
239,grand falls-windsor,48.9332,-55.6649,286.21,88,35,3.45,CA,1691462608
240,gadzhiyevo,69.2551,33.3362,287.2,72,41,5.42,RU,1691462608
241,solnechnyy,50.7214,136.6319,299.7,29,97,2.58,RU,1691462608
242,solwezi,-12.1688,26.3894,284.96,73,0,1.82,ZM,1691462608
243,arica,-18.475,-70.3042,292.28,77,100,2.57,CL,1691462608
244,preston,53.7667,-2.7167,288.33,93,74,2.6,GB,1691462608
245,indergarh,26.9352,79.6724,302.87,65,97,7.76,IN,1691462609
246,kattivakkam,13.2167,80.3167,303.2,82,100,4.35,IN,1691462609
247,alaior,39.9303,4.1404,291.01,88,0,2.06,ES,1691462609
248,bulgan,48.8125,103.5347,293.12,72,100,2.33,MN,1691462609
249,ixtapa,20.7,-105.2,302.72,89,100,3.09,MX,1691462609
250,tralee,52.2704,-9.7026,286.54,97,97,1.03,IE,1691462609
251,codrington,-38.2667,141.9667,286.87,62,0,3.33,AU,1691462610
252,hithadhoo,-0.6,73.0833,300.75,71,50,0.14,MV,1691462610
253,nelson bay,-32.7167,152.15,291.48,76,44,2.24,AU,1691462610
254,san pedro,14.35,121.0167,304.99,75,40,8.75,PH,1691462610
255,salinas,36.6777,-121.6555,292.02,86,100,4.63,US,1691462561
256,santa cruz,-17.8,-63.1667,299.85,50,75,5.14,BO,1691462518
257,pangai,-19.8,-174.35,297.21,94,100,6.17,TO,1691462610
258,antofagasta,-23.65,-70.4,290.75,84,100,2.32,CL,1691462317
259,thunder bay,48.4001,-89.3168,293.14,60,20,2.06,CA,1691462611
260,deqen,29.9618,90.7188,287.97,73,100,0.76,CN,1691462611
261,strezhevoy,60.7333,77.5889,291.54,63,11,2.73,RU,1691462611
262,dambatta,12.433,8.5154,296.21,86,88,3.86,NG,1691462611
263,tofol,5.3248,163.0078,301.19,72,76,2.71,FM,1691462611
264,el alto,-4.2714,-81.2147,293.96,87,31,4.83,PE,1691462611
265,banda aceh,5.5577,95.3222,301.31,70,100,4.86,ID,1691462612
266,kayan,16.9056,96.5631,299.23,87,100,3.56,MM,1691462612
267,taulaga,-11.0553,-171.0883,301.09,73,100,6.61,AS,1691462612
268,inverness,57.4791,-4.224,284.81,94,20,3.09,GB,1691462612
269,jefferson city,38.5767,-92.1735,297.41,69,100,0.0,US,1691462569
270,montepuez,-13.1256,38.9997,289.66,91,4,3.39,MZ,1691462612
271,filey,54.21,-0.2892,284.98,88,11,0.89,GB,1691462612
272,hancheng,32.5186,112.3522,303.76,62,61,3.54,CN,1691462613
273,ndikinimeki,4.7667,10.8333,292.13,97,100,1.77,CM,1691462613
274,uturoa,-16.7333,-151.4333,299.05,72,82,2.54,PF,1691462613
275,pourham,14.35,-16.4167,299.74,74,91,5.31,SN,1691462613
276,tazovsky,67.4667,78.7,289.65,65,4,1.82,RU,1691462613
277,amos,48.5669,-78.1162,286.45,96,100,4.58,CA,1691462613
278,pantelho,16.9333,-92.55,289.92,98,44,1.16,MX,1691462613
279,verkhneural'sk,53.8769,59.2106,291.42,81,26,1.3,RU,1691462614
280,tura,25.5198,90.2201,297.46,97,100,0.6,IN,1691462614
281,moju,-1.8839,-48.7689,296.17,97,22,1.25,BR,1691462614
282,al majaridah,19.1236,41.9111,303.78,28,11,1.03,SA,1691462444
283,namtsy,62.7161,129.6658,295.85,25,44,3.01,RU,1691462614
284,saipan,15.1355,145.701,304.54,100,75,3.6,MP,1691462614
285,saldanha,-33.0117,17.9442,287.18,95,29,2.68,ZA,1691462614
286,minab,27.1467,57.0801,306.9,58,5,0.86,IR,1691462614
287,thames,-37.1333,175.5333,284.47,86,100,2.62,NZ,1691462615
288,zouerate,22.7187,-12.4521,298.75,44,2,5.26,MR,1691462615
289,bamboo flat,11.7,92.7167,302.2,79,75,5.14,IN,1691462615
290,fountain inn,34.689,-82.1957,295.46,94,0,7.2,US,1691462615
291,harstad,68.799,16.5293,291.06,100,77,4.02,NO,1691462615
292,pitimbu,-7.4706,-34.8086,297.48,84,9,5.26,BR,1691462615
293,gisborne,-38.6533,178.0042,285.34,79,99,1.25,NZ,1691462615
294,el granada,37.5027,-122.4694,298.68,84,100,8.23,US,1691462615
295,hotan,37.0997,79.9269,298.92,38,84,5.36,CN,1691462616
296,zhuanghe,39.7008,122.9911,300.97,70,0,2.57,CN,1691462357
297,selfoss,63.9331,-20.9971,283.17,89,98,2.06,IS,1691462616
298,cabo san lucas,22.8909,-109.9124,305.76,66,12,3.58,MX,1691462616
299,ada,43.4166,-116.1262,290.92,67,40,6.71,US,1691462616
300,yamba,-5.9,22.3,297.5,42,86,0.78,CD,1691462617
301,kijang,35.2442,129.2139,305.0,75,70,7.61,KR,1691462617
302,kirakira,-10.4544,161.9205,299.52,85,97,2.69,SB,1691462617
303,kuta,-8.7233,115.1723,300.12,78,40,5.36,ID,1691462617
304,bhawanipatna,19.9,83.1667,299.94,78,95,3.93,IN,1691462617
305,haiku-pauwela,20.9219,-156.3051,303.16,59,20,12.35,US,1691462617
306,nuuk,64.1835,-51.7216,277.49,93,20,2.06,GL,1691462617
307,livingstonia,-10.606,34.1063,287.39,76,1,0.77,MW,1691462617
308,palmer,42.1584,-72.3287,296.27,81,75,5.14,US,1691462521
309,hafar al-batin,28.4328,45.9708,303.47,15,0,2.06,SA,1691462536
310,hermanus,-34.4187,19.2345,285.82,90,55,3.55,ZA,1691462618
311,punta del este,-34.9667,-54.95,281.41,80,20,2.57,UY,1691462618
312,tera,14.0078,0.7531,299.5,75,73,5.25,NE,1691462618
313,gebeit,21.0667,36.3167,301.66,23,5,1.46,SD,1691462618
314,rio grande,-32.035,-52.0986,283.68,62,32,5.4,BR,1691462425
315,kayangel,8.0823,134.7173,301.42,73,100,8.08,PW,1691462618
316,greymouth,-42.4667,171.2,282.14,70,82,1.18,NZ,1691462618
317,la junta,37.985,-103.5438,300.31,41,0,3.09,US,1691462619
318,puerto baquerizo moreno,-0.9,-89.6,296.91,74,70,5.17,EC,1691462619
319,susuman,62.7833,148.1667,284.74,39,82,4.86,RU,1691462619
320,badin,24.656,68.8384,302.22,67,100,10.26,PK,1691462619
321,alofi,-19.0595,-169.9187,298.09,88,75,3.6,NU,1691462619
322,katabu,-4.9333,122.5167,303.71,50,40,3.9,ID,1691462619
323,ar raqqah,35.95,39.0167,299.3,62,0,7.75,SY,1691462620
324,mossel bay,-34.1831,22.146,285.66,78,0,3.62,ZA,1691462620
325,aniva,46.7144,142.5294,293.21,69,51,6.48,RU,1691462620
326,westerland,54.9079,8.3033,288.16,63,40,12.86,DE,1691462620
327,cururupu,-1.8283,-44.8683,297.87,90,57,2.11,BR,1691462620
328,al ghayzah,16.2079,52.176,298.83,90,38,4.32,YE,1691462620
329,vorgashor,67.5833,63.95,286.54,77,95,5.41,RU,1691462620
330,anatuya,-28.4606,-62.8347,285.28,36,28,3.74,AR,1691462620
331,ondjiva,-17.0667,15.7333,285.17,47,0,1.54,AO,1691462621
332,saint-joseph,-21.3667,55.6167,293.36,73,36,5.38,RE,1691462621
333,merizo village,13.2658,144.6691,302.0,91,61,3.3,GU,1691462621
334,mikhaylovskoye,51.8239,79.7172,297.07,32,0,2.42,RU,1691462621
335,nanping,26.645,118.1736,307.63,62,73,0.64,CN,1691462621
336,hami,42.8,93.45,310.99,12,90,6.47,CN,1691462621
337,nadym,65.5333,72.5167,292.83,58,3,6.63,RU,1691462621
338,mata-utu,-13.2816,-176.1745,300.96,75,60,3.24,WF,1691462622
339,sitka,57.0531,-135.33,291.09,68,100,5.14,US,1691462340
340,aquiraz,-3.9014,-38.3911,300.47,79,50,7.05,BR,1691462622
341,boende,-0.2167,20.8667,294.96,90,99,0.84,CD,1691462622
342,lochem,52.1592,6.4111,287.61,94,84,4.76,NL,1691462622
343,hammerfest,70.6634,23.6821,290.4,82,100,1.03,NO,1691462336
344,vilhena,-12.7406,-60.1458,298.11,42,72,0.86,BR,1691462622
345,lascano,-33.6667,-54.2,278.33,91,0,2.97,UY,1691462623
346,taunggyi,20.7833,97.0333,291.23,98,100,1.79,MM,1691462623
347,newman,37.3138,-121.0208,311.34,33,0,4.56,US,1691462623
348,val-d'or,48.1002,-77.7828,286.2,94,100,4.63,CA,1691462484
349,kangding,30.0513,101.9603,295.43,69,86,2.28,CN,1691462623
350,bubaque,11.2833,-15.8333,300.07,81,94,3.04,GW,1691462623
351,olinda,-8.0089,-34.8553,299.0,78,75,6.17,BR,1691462332
352,qamdo,31.1667,97.2333,287.38,56,15,2.22,CN,1691462624
353,dolores,-36.3132,-57.6792,275.29,84,5,2.78,AR,1691462624
354,xining,36.6167,101.7667,295.26,48,6,0.26,CN,1691462624
355,kingston,17.997,-76.7936,302.68,77,20,4.63,JM,1691462457
356,cole harbour,44.6724,-63.4751,289.8,84,100,2.52,CA,1691462624
357,miranda,3.2499,-76.2281,296.22,81,100,2.73,CO,1691462625
358,broken hill,-31.95,141.4333,287.94,39,0,2.7,AU,1691462625
359,grivita,44.7333,27.2833,290.92,70,100,5.32,RO,1691462625
360,quellon,-43.1167,-73.6167,279.29,93,100,1.54,CL,1691462625
361,sergeyevka,53.88,67.4158,294.86,39,100,2.39,KZ,1691462625
362,nosy varika,-20.5833,48.5333,290.78,93,28,1.59,MG,1691462625
363,manistee,44.2445,-86.3242,292.01,92,0,1.54,US,1691462625
364,galliano,29.4422,-90.2992,304.15,70,0,3.6,US,1691462626
365,al hawatah,13.4167,34.6333,295.56,91,100,4.58,SD,1691462626
366,meadow lakes,61.6247,-149.6011,293.84,69,100,4.12,US,1691462626
367,porto-vecchio,41.591,9.2795,292.89,88,0,0.51,FR,1691462626
368,hibbing,47.4272,-92.9377,290.12,72,0,0.0,US,1691462626
369,cockburn town,21.4612,-71.1419,301.78,88,13,9.3,TC,1691462627
370,kailua-kona,19.6406,-155.9956,304.13,64,0,6.17,US,1691462339
371,yulinshi,38.2906,109.7494,301.27,43,66,5.17,CN,1691462627
372,ochtendung,50.35,7.3833,286.16,90,71,2.42,DE,1691462627
373,antigonish,45.6169,-61.9986,290.83,95,96,0.45,CA,1691462627
374,east london,-33.0153,27.9116,289.2,85,6,3.42,ZA,1691462627
375,samfya,-11.3649,29.5565,288.43,64,1,3.49,ZM,1691462627
376,puerto aysen,-45.4,-72.7,275.81,94,99,0.61,CL,1691462628
377,luderitz,-26.6481,15.1594,288.8,63,0,6.69,NA,1691462628
378,luwuk,-0.9516,122.7875,301.26,72,75,2.8,ID,1691462628
379,sao felix do xingu,-6.6447,-51.995,298.93,47,76,0.34,BR,1691462405
380,new norfolk,-42.7826,147.0587,287.55,47,5,0.97,AU,1691462628
381,bandarbeyla,9.4942,50.8122,299.17,67,46,11.46,SO,1691462628
382,northam,51.0333,-4.2167,287.4,97,100,4.44,GB,1691462628
383,kongolo,-5.3833,27.0,297.27,47,35,1.25,CD,1691462628
384,port macquarie,-31.4333,152.9167,292.53,58,16,4.9,AU,1691462355
385,gaspe,48.8334,-64.4819,286.27,94,20,0.0,CA,1691462335
386,macapa,0.0389,-51.0664,301.14,89,20,2.57,BR,1691462394
387,bahia de kino,28.8333,-111.9333,310.33,50,4,3.57,MX,1691462629
388,hurghada,27.2574,33.8129,304.17,55,0,2.06,EG,1691462049
389,tazacorte,28.629,-17.9293,294.69,85,0,3.09,ES,1691462629
390,la'ie,21.6477,-157.9253,304.13,72,6,2.68,US,1691462629
391,szczebrzeszyn,50.695,22.9795,286.32,94,100,5.86,PL,1691462629
392,polyarnyy,69.1989,33.4478,287.31,72,39,5.55,RU,1691462630
393,de aar,-30.6497,24.0123,284.01,35,0,1.82,ZA,1691462630
394,usinsk,65.9939,57.5281,285.55,72,35,5.22,RU,1691462630
395,aioun,16.6614,-9.6149,303.03,57,71,7.38,MR,1691462630
396,axim,4.8699,-2.2405,297.33,88,75,4.2,GH,1691462630
397,alesund,62.4723,6.1549,286.43,93,100,7.2,NO,1691462395
398,nizhnesortymskiy,62.4397,71.7603,294.73,55,30,5.61,RU,1691462630
399,kemijarvi,66.7131,27.4306,288.46,87,2,4.41,FI,1691462630
400,hilo,19.7297,-155.09,307.19,75,100,5.14,US,1691462091
401,lazaro cardenas,17.9583,-102.2,300.73,77,0,2.2,MX,1691462631
402,lorengau,-2.0226,147.2712,302.07,71,52,7.14,PG,1691462631
403,kabinda,-6.1333,24.4833,293.7,47,38,1.75,CD,1691462631
404,agios nikolaos,35.1914,25.7133,298.58,68,0,2.39,GR,1691462631
405,talakan,50.3167,130.3667,299.33,38,100,2.85,RU,1691462631
406,enoch,37.7733,-113.0244,301.29,14,0,5.66,US,1691462631
407,charef,34.621,2.795,296.0,28,0,1.66,DZ,1691462632
408,andalgala,-27.5819,-66.3165,283.11,48,85,2.32,AR,1691462632
409,tarawa,1.419,172.984,301.2,89,75,1.54,KI,1691462632
410,tual,-5.6667,132.75,298.79,77,42,9.06,ID,1691462632
411,brisas de zicatela,15.8369,-97.0419,302.44,58,20,0.0,MX,1691462632
412,meadow lake,34.8014,-106.5436,294.48,62,85,3.87,US,1691462632
413,malango,-2.9627,119.9001,299.26,61,34,1.9,ID,1691462632
414,jinjiang,24.8198,118.5741,306.12,64,100,0.57,CN,1691462633
415,kapit,2.0167,112.9333,304.73,60,66,0.93,MY,1691462633
416,newport,51.5877,-2.9984,287.97,89,87,2.07,GB,1691462633
417,peterhead,57.5058,-1.7981,283.37,84,21,9.31,GB,1691462633
418,p'ot'i,42.1462,41.672,296.51,92,19,2.26,GE,1691462633
419,prainha,-1.8,-53.48,299.23,65,62,1.53,BR,1691462633
420,sparti,37.0733,22.4297,295.9,64,1,1.95,GR,1691462633
421,palikir - national government center,6.9248,158.1611,302.56,84,100,1.54,FM,1691462634
422,namibe,-15.1961,12.1522,290.6,85,0,0.39,AO,1691462634
423,brookings,44.3114,-96.7984,292.8,82,20,0.0,US,1691462634
424,neiafu,-18.65,-173.9833,300.53,83,75,4.12,TO,1691462634
425,calama,-22.4667,-68.9333,283.42,12,0,5.66,CL,1691462634
426,kukshi,22.2,74.75,300.47,71,98,6.1,IN,1691462634
427,nar'yan-mar,67.6713,53.087,283.48,73,89,4.2,RU,1691462634
428,tabou,4.423,-7.3528,296.88,92,52,3.23,CI,1691462634
429,wynyard,-41.0,145.7167,285.75,58,13,2.1,AU,1691462635
430,yerofey pavlovich,53.9667,121.9667,298.81,31,74,2.8,RU,1691462635
431,aljezur,37.3191,-8.8033,293.11,97,22,2.81,PT,1691462635
432,pohang,36.0322,129.365,301.4,78,78,6.63,KR,1691462635
433,tezu,27.9167,96.1667,303.87,70,62,1.76,IN,1691462635
434,laramie,41.3114,-105.5911,288.45,66,40,4.63,US,1691462528
435,essaouira,31.5125,-9.77,293.87,95,20,2.06,MA,1691462635
436,fada n'gourma,12.0622,0.3578,295.97,91,100,2.33,BF,1691462636
437,ramnagar,29.4,79.1167,301.56,75,37,1.28,IN,1691462636
438,wuda,39.4994,106.7117,302.47,40,1,9.81,CN,1691462636
439,fort bragg,35.139,-79.006,296.59,97,75,4.12,US,1691462636
440,puerto armuelles,8.2833,-82.8667,300.42,91,100,1.34,PA,1691462636
441,pedernales,18.0384,-71.744,302.53,73,73,3.14,DO,1691462636
442,rapar,23.5667,70.6333,300.8,76,100,9.48,IN,1691462636
443,kaliua,-5.0606,31.7936,290.54,61,13,2.14,TZ,1691462637
444,bonthe,7.5264,-12.505,297.78,90,100,2.79,SL,1691462637
445,prado,-17.3411,-39.2208,295.92,82,31,4.14,BR,1691462457
446,freeport,40.6576,-73.5832,297.33,86,40,7.2,US,1691462343
447,shushtar,32.0455,48.8567,307.26,17,0,1.72,IR,1691462637
448,indramayu,-6.3264,108.32,301.92,60,65,5.45,ID,1691462637
449,cruzeiro do sul,-29.5128,-51.9853,286.77,88,87,1.7,BR,1691462637
450,anar darah,32.7587,61.654,302.36,21,0,9.12,AF,1691462637
451,guajara mirim,-10.7828,-65.3394,299.94,46,5,0.9,BR,1691462638
452,berezovyy,51.6667,135.7,301.5,28,83,2.42,RU,1691462638
453,belmonte,-15.8631,-38.8828,295.61,83,37,2.42,BR,1691462638
454,rioverde,21.9333,-99.9833,296.66,66,0,3.14,MX,1691462638
455,galeana,24.8333,-100.0667,293.5,43,0,2.3,MX,1691462638
456,bien hoa,10.95,106.8167,304.14,63,40,5.77,VN,1691462638
457,smithers,54.7804,-127.1743,291.33,59,100,4.63,CA,1691462411
458,luganville,-15.5333,167.1667,296.55,88,100,3.95,VU,1691462639
459,walvis bay,-22.9575,14.5053,282.68,100,2,2.06,NA,1691462639
460,anshun,26.25,105.9333,297.33,76,38,1.98,CN,1691462639
461,gunjur,13.2019,-16.7339,300.19,94,40,0.0,GM,1691462639
462,kut chap,17.4257,102.5669,299.03,85,100,1.86,TH,1691462639
463,farsan,32.2569,50.561,288.17,34,8,1.0,IR,1691462639
464,fale old settlement,-9.3852,-171.2468,301.4,68,17,6.03,TK,1691462639
465,hovd,48.0056,91.6419,296.41,36,100,2.43,MN,1691462639
466,wanning,18.8003,110.3967,305.74,55,79,7.52,CN,1691462640
467,bor,56.3567,44.0669,290.11,80,0,2.61,RU,1691462640
468,vangaindrano,-23.35,47.6,289.95,94,7,1.14,MG,1691462640
469,areia branca,-4.9561,-37.1369,297.09,79,24,7.27,BR,1691462640
470,lata,40.1629,-8.3327,293.75,37,0,1.38,PT,1691462640
471,kabalo,-6.05,26.9167,297.44,43,53,1.68,CD,1691462640
472,quelimane,-17.8786,36.8883,293.12,94,0,1.54,MZ,1691462640
473,mohr,54.3528,9.7167,287.12,74,49,6.69,DE,1691462641
474,maceio,-9.6658,-35.7353,295.84,100,75,0.51,BR,1691462376
475,touros,-5.1989,-35.4608,297.13,87,29,5.46,BR,1691462563
476,aral,40.5156,81.2636,301.49,35,100,5.13,CN,1691462641
477,san antonio de pale,-1.4014,5.6325,295.56,82,100,4.81,GQ,1691462641
478,prince rupert,54.3161,-130.3201,288.2,94,100,16.46,CA,1691462622
479,deulgaon raja,20.0167,76.0333,297.67,77,86,6.24,IN,1691462641
480,guarambare,-25.4833,-57.4667,294.91,86,41,4.08,PY,1691462642
481,lebu,-37.6167,-73.65,283.0,79,99,0.99,CL,1691462642
482,berdigestyakh,62.0989,126.6992,296.85,28,8,3.44,RU,1691462642
483,ash shatrah,31.4117,46.1742,306.85,15,0,4.89,IQ,1691462642
484,nikolayevsk-on-amure,53.1406,140.73,302.98,28,88,2.72,RU,1691462642
485,corinto,37.9407,22.9573,298.09,74,0,4.73,GR,1691462643
486,mugia,43.1041,-9.2179,294.21,72,0,9.21,ES,1691462643
487,sao jose da coroa grande,-8.8978,-35.1478,296.88,79,9,3.67,BR,1691462643
488,margate,51.3813,1.3862,285.54,81,66,0.89,GB,1691462643
489,beitbridge,-22.2167,30.0,287.77,47,4,3.84,ZW,1691462643
490,fisterra,42.9049,-9.2629,294.12,64,0,7.2,ES,1691462644
491,goure,13.9835,10.2704,298.06,79,98,2.95,NE,1691462644
492,vung tau,10.346,107.0843,302.7,72,15,5.59,VN,1691462644
493,eureka,40.8021,-124.1637,290.89,86,72,1.34,US,1691462644
494,kenai,60.5544,-151.2583,289.9,89,100,2.57,US,1691462603
495,seryshevo,51.0933,128.3786,301.39,29,100,3.64,RU,1691462644
496,toliara,-23.35,43.6667,291.88,87,1,1.31,MG,1691462644
497,kungur,57.4368,56.9593,289.6,87,31,6.06,RU,1691462645
498,baardheere,2.3446,42.2764,295.28,80,47,5.3,SO,1691462645
499,anna regina,7.2644,-58.5077,300.63,81,13,3.16,GY,1691462645
500,al qubbah,32.7616,22.2424,292.28,88,3,5.36,LY,1691462645
501,kavalerovo,44.2661,135.0572,295.38,55,94,2.73,RU,1691462645
502,kandahar,31.0,65.75,300.11,20,0,3.7,AF,1691462645
503,tucuma,-0.1833,-50.05,297.68,91,54,2.7,BR,1691462646
504,santa cruz de las flores,20.4833,-103.5,299.24,97,81,1.31,MX,1691462646
505,idil,37.3411,41.8895,300.11,24,0,4.12,TR,1691462646
506,leava,-14.3,-178.1667,300.71,75,13,2.29,WF,1691462646
507,yuzhno-kurilsk,44.0306,145.8556,287.95,98,100,4.13,RU,1691462646
508,shimoda,34.6667,138.95,303.35,71,96,4.37,JP,1691462647
509,novi pazar,43.1367,20.5122,284.48,95,38,1.43,RS,1691462647
510,ambovombe,-25.1667,46.0833,291.15,81,11,0.92,MG,1691462647
511,dori,14.0354,-0.0345,300.1,71,83,4.39,BF,1691462647
512,janze,47.9591,-1.4983,286.87,88,96,1.74,FR,1691462647
513,kudahuvadhoo,2.6708,72.8944,301.42,71,73,3.29,MV,1691462647
514,ilave,-16.0833,-69.6667,278.4,84,17,2.59,PE,1691462647
515,salmon arm,50.6998,-119.3024,302.77,48,90,0.51,CA,1691462648
516,santa maria,-29.6842,-53.8069,284.76,87,75,3.6,BR,1691462648
517,nueva villa de padilla,24.0167,-98.7833,302.97,55,0,5.0,MX,1691462648
518,papao,-17.75,-149.55,301.97,78,76,5.38,PF,1691462648
519,ilomantsi,62.6716,30.9328,294.65,84,0,5.44,FI,1691462648
520,altay,47.8667,88.1167,297.99,37,100,2.08,CN,1691462648
521,mogadishu,2.0371,45.3438,297.33,86,79,8.21,SO,1691462649
522,ulaangom,49.9811,92.0667,294.58,50,100,2.39,MN,1691462649
523,bogale,16.2833,95.4,300.21,84,100,6.54,MM,1691462649
524,abadan,30.3392,48.3043,302.12,32,0,2.06,IR,1691462649
525,urengoy,65.9667,78.3667,292.34,56,97,3.6,RU,1691462649
526,cidreira,-30.1811,-50.2056,288.53,71,53,4.23,BR,1691462649
527,timbuktu,16.7735,-3.0074,305.2,45,56,6.19,ML,1691462650
528,rotonda west,26.8837,-82.2901,305.36,89,0,0.89,US,1691462529
529,mitu,1.1983,-70.1733,296.34,93,99,0.4,CO,1691462650
530,isla aguada,18.7833,-91.4667,301.17,80,14,6.35,MX,1691462650
531,bathsheba,13.2167,-59.5167,300.49,94,20,3.09,BB,1691462650
532,callaway,30.153,-85.5699,303.15,82,0,3.09,US,1691462651
533,vinh long,10.25,105.9667,300.14,59,14,6.07,VN,1691462651
534,cacoal,-11.4386,-61.4472,300.83,39,88,0.44,BR,1691462651
535,mirnyy,62.5353,113.9611,298.84,39,75,4.02,RU,1691462651
536,akureyri,65.6835,-18.0878,279.11,93,0,0.51,IS,1691462651
537,port augusta,-32.5,137.7667,291.6,31,0,2.77,AU,1691462652
538,pingliang,35.5392,106.6861,296.66,77,97,5.07,CN,1691462652
539,guiratinga,-16.3494,-53.7583,296.95,39,0,1.53,BR,1691462652
540,chibougamau,49.9168,-74.3659,290.94,77,75,2.06,CA,1691462652
541,pierre,44.3683,-100.351,294.66,64,0,2.68,US,1691462652
542,manggar,-2.8833,108.2667,302.04,70,35,7.18,ID,1691462652
543,port blair,11.6667,92.75,302.17,79,75,5.14,IN,1691462652
544,saint-philippe,-21.3585,55.7679,293.92,73,43,5.02,RE,1691462653
545,tommot,58.9564,126.2925,298.06,51,8,4.02,RU,1691462653
546,ampanihy,-24.7,44.75,290.35,74,74,2.13,MG,1691462653
547,urucara,-2.5364,-57.76,298.67,55,55,0.93,BR,1691462653
548,mount isa,-20.7333,139.5,299.02,29,96,6.17,AU,1691462653
549,port antonio,18.18,-76.4612,303.1,81,3,3.31,JM,1691462653
550,tromso,69.6496,18.957,285.16,87,40,1.54,NO,1691462654
551,prince george,53.9166,-122.753,298.84,38,0,1.03,CA,1691462519
552,reggane,26.7158,0.1714,308.63,13,0,7.32,DZ,1691462654
553,ishikawa,26.4233,127.8214,301.13,96,100,9.26,JP,1691462654
554,souillac,-20.5167,57.5167,295.36,68,75,6.17,MU,1691462654
555,bel ombre,-4.6167,55.4167,298.06,83,75,5.66,SC,1691462654
556,nago,26.5881,127.9761,300.62,89,100,8.67,JP,1691462654
557,port hedland,-20.3167,118.5667,302.18,23,4,6.17,AU,1691462655
558,zhumysker,49.3333,49.4,298.81,40,0,2.29,KZ,1691462655
559,batang,-6.4846,110.7083,303.17,57,7,1.8,ID,1691462655
560,salina cruz,16.1667,-95.2,301.67,76,1,3.09,MX,1691462655
561,seven pagodas,12.6264,80.1722,303.18,65,100,4.64,IN,1691462655
562,chengyang,27.0892,119.6453,307.3,64,26,0.58,CN,1691462655
563,kirkwall,58.9848,-2.9587,283.18,93,20,1.03,GB,1691462655
564,glace bay,46.1969,-59.957,290.25,95,20,1.03,CA,1691462656
565,buchanan,5.8808,-10.0467,297.35,90,94,2.88,LR,1691462656
566,funafuti,-8.5243,179.1942,306.15,75,20,4.12,TV,1691462656
